message,label
Rs 5000 credited to your account from salary. Available balance Rs 999,safe
Your flight PNR BABHB5 is confirmed for tomorrow 6am departure,safe
Your food delivery partner Suresh has picked up your order,safe
Your flight PNR B24F5F is confirmed for tomorrow 6am departure,safe
Dear customer your HDFC KYC will expire today. Update immediately or account will be blocked https://bit.ly/kyc-update,scam
Rs 999 credited to your account from salary. Available balance Rs 500,safe
Your internet bill of Rs 25000 has been auto-debited successfully,safe
Rs 15000 has been debited from your account for Swiggy order. Available balance Rs 2000,safe
Your OTP for login is 381626. Do not share this with anyone.,safe
Congratulations! You have won Rs 2500 in Axis Bank lucky draw. Click here to claim https://secure-bank-verify.com,scam
Your OTP for login is 586162. Do not share this with anyone.,safe
Income tax refund of Rs 15000 approved. Click to claim before deadline https://account-block-alert.xyz,scam
"Arpit, your HDFC account balance is Rs 2500 as of today",safe
Your OTP for login is 450407. Do not share this with anyone.,safe
Rs 5000 sent to Amit via UPI. Transaction ID 107610664,safe
Rs 50000 has been debited from your account for Swiggy order. Available balance Rs 15000,safe
Income tax refund of Rs 999 approved. Click to claim before deadline https://cashback-claim.tk,scam
Your flight PNR H243A4 is confirmed for tomorrow 6am departure,safe
Your Paytm statement for last month is now available in the app,safe
Congratulations! You have won Rs 9999 in HDFC lucky draw. Click here to claim https://kyc-update-now.info,scam
Rs 100000 has been debited from your account for Swiggy order. Available balance Rs 15000,safe
Kotak alert: Unusual activity detected on your account. Confirm your identity by entering OTP on this link https://secure-bank-verify.com,scam
Your SBI net banking has been locked due to suspicious activity. Unlock here https://secure-bank-verify.com,scam
Your recharge of Rs 2500 was successful. Validity till next month,safe
Your ICICI KYC is incomplete. Complete now or wallet will be frozen https://cashback-claim.tk,scam
Dear customer your Paytm KYC will expire today. Update immediately or account will be blocked https://secure-bank-verify.com,scam
Hurry! Only 2 hours left to claim your Rs 1500 cashback reward https://verify-account.xyz,scam
Your OTP for login is 164418. Do not share this with anyone.,safe
Rs 500 has been debited from your account for Swiggy order. Available balance Rs 5000,safe
Your flight PNR EG1C52 is confirmed for tomorrow 6am departure,safe
You are eligible for a government subsidy of Rs 1500. Claim before it expires https://secure-bank-verify.com,scam
Loan approved instantly! No documents required. Click here to get Rs 2500 in your account https://tinyurl.com/claim-now,scam
Rs 2500 has been debited from your account for Swiggy order. Available balance Rs 100000,safe
URGENT: Your PhonePe account has been suspended. Verify your UPI PIN now to reactivate https://secure-bank-verify.com,scam
"Work from home and earn Rs 50000 per week guaranteed, limited seats, register now https://refund-claim.tk",scam
You have an unclaimed parcel. Pay Rs 500 customs fee to release it https://refund-claim.tk,scam
Your flight PNR GFDHAF is confirmed for tomorrow 6am departure,safe
Rs 9999 sent to Sneha via UPI. Transaction ID 270089241,safe
Rs 999 sent to Anjali via UPI. Transaction ID 625838800,safe
Paytm security team: verify your account within 30 minutes to avoid permanent block https://instant-loan-approve.com,scam
Alert: Your SBI debit card will expire today. Update details on this link https://cashback-claim.tk,scam
Get Rs 15000 cashback instantly. Just click and enter your UPI PIN to receive https://tinyurl.com/claim-now,scam
You are eligible for a government subsidy of Rs 2500. Claim before it expires https://prize-winner-claim.info,scam
Reminder: Your exam is scheduled for next Monday at 10am,safe
Your Paytm net banking has been locked due to suspicious activity. Unlock here https://cashback-claim.tk,scam
Income tax refund of Rs 5000 approved. Click to claim before deadline https://refund-claim.tk,scam
Rs 2000 has been debited from your account for Swiggy order. Available balance Rs 1500,safe
Your monthly statement is ready. Please check your email,safe
Arush has sent you a payment request of Rs 10000 on PhonePe. Approve now https://prize-winner-claim.info,scam
Happy birthday Amit! Wishing you a wonderful year ahead,safe
"Anjali, your SBI account balance is Rs 100000 as of today",safe
Rs 25000 has been debited from your account for Swiggy order. Available balance Rs 25000,safe
Last warning: Your Aadhaar linked HDFC account will be deactivated today. Verify now https://refund-claim.tk,scam
Your Netflix subscription has been renewed for Rs 2000,safe
Priya has sent you a payment request of Rs 50000 on SBI. Approve now https://instant-loan-approve.com,scam
"Work from home and earn Rs 25000 per week guaranteed, limited seats, register now https://account-block-alert.xyz",scam
"Priya, your BOB account balance is Rs 100000 as of today",safe
Your electricity connection will be cut tonight. Pay pending bill immediately https://cashback-claim.tk,scam
"Dear user, someone tried to login to your HDFC account. Click to secure your account immediately https://prize-winner-claim.info",scam
"Arush, your Google Pay account balance is Rs 9999 as of today",safe
Get Rs 500 cashback instantly. Just click and enter your UPI PIN to receive https://cashback-claim.tk,scam
Congratulations you are selected for lucky winner prize of Rs 50000. Claim now https://prize-winner-claim.info,scam
Rs 9999 has been debited from your account for Swiggy order. Available balance Rs 10000,safe
Your UPI ID has been used for a transaction of Rs 2000. If not done by you click here to block https://prize-winner-claim.info,scam
"Vikram, your Paytm account balance is Rs 25000 as of today",safe
Your flight PNR FHCH2F is confirmed for tomorrow 6am departure,safe
Rs 25000 sent to Sneha via UPI. Transaction ID 536147256,safe
Rs 9999 credited to your account from salary. Available balance Rs 999,safe
Your Kotak net banking has been locked due to suspicious activity. Unlock here https://account-block-alert.xyz,scam
"abhijeet, your Google Pay account balance is Rs 50000 as of today",safe
Free 1 year subscription waiting for you. Click here to activate https://cashback-claim.tk,scam
"Dear user, someone tried to login to your PNB account. Click to secure your account immediately https://account-block-alert.xyz",scam
Rs 10000 credited to your account from salary. Available balance Rs 999,safe
Your OTP for login is 929053. Do not share this with anyone.,safe
Your BOB net banking has been locked due to suspicious activity. Unlock here https://instant-loan-approve.com,scam
Alert: Your BOB debit card will expire today. Update details on this link https://tinyurl.com/claim-now,scam
Your OTP for login is 326813. Do not share this with anyone.,safe
Last warning: Your Aadhaar linked Google Pay account will be deactivated today. Verify now https://bit.ly/kyc-update,scam
Rs 25000 sent to Amit via UPI. Transaction ID 446607854,safe
You are eligible for a government subsidy of Rs 500. Claim before it expires https://verify-account.xyz,scam
Rs 9999 sent to Arpit via UPI. Transaction ID 989227408,safe
Alert: Your PNB debit card will expire today. Update details on this link https://verify-account.xyz,scam
Income tax refund of Rs 25000 approved. Click to claim before deadline https://prize-winner-claim.info,scam
"Work from home and earn Rs 999 per week guaranteed, limited seats, register now https://verify-account.xyz",scam
Your electricity bill of Rs 25000 is pending. Pay now to avoid disconnection https://refund-claim.tk,scam
Your flight PNR D5BFBG is confirmed for tomorrow 6am departure,safe
Your flight PNR E33GFD is confirmed for tomorrow 6am departure,safe
Rs 1500 sent to Suresh via UPI. Transaction ID 173346810,safe
Your flight PNR FDEH4D is confirmed for tomorrow 6am departure,safe
Alert: Your HDFC debit card will expire today. Update details on this link https://tinyurl.com/claim-now,scam
"Work from home and earn Rs 25000 per week guaranteed, limited seats, register now https://secure-bank-verify.com",scam
Dear customer your PNB KYC will expire today. Update immediately or account will be blocked https://instant-loan-approve.com,scam
Rs 50000 credited to your account from salary. Available balance Rs 999,safe
Loan approved instantly! No documents required. Click here to get Rs 9999 in your account https://bit.ly/kyc-update,scam
Rs 25000 credited to your account from salary. Available balance Rs 15000,safe
Hurry! Only 2 hours left to claim your Rs 9999 cashback reward https://kyc-update-now.info,scam
"Priya, your PNB account balance is Rs 500 as of today",safe
Your Paytm KYC is incomplete. Complete now or wallet will be frozen https://account-block-alert.xyz,scam
Last warning: Your Aadhaar linked SBI account will be deactivated today. Verify now https://account-block-alert.xyz,scam
Your flight PNR 1255EC is confirmed for tomorrow 6am departure,safe
Your electricity bill of Rs 15000 has been paid successfully,safe
Arpit has sent you a payment request of Rs 10000 on ICICI. Approve now https://verify-account.xyz,scam
"Anjali, your Axis Bank account balance is Rs 500 as of today",safe
Your BOB net banking has been locked due to suspicious activity. Unlock here https://kyc-update-now.info,scam
Your internet bill of Rs 500 has been auto-debited successfully,safe
Your OTP for login is 566184. Do not share this with anyone.,safe
Your internet bill of Rs 9999 has been auto-debited successfully,safe
Rs 2000 credited to your account from salary. Available balance Rs 1500,safe
Your electricity bill of Rs 2500 is pending. Pay now to avoid disconnection https://cashback-claim.tk,scam
Rs 5000 sent to Amit via UPI. Transaction ID 255502389,safe
Rs 2000 sent to Arush via UPI. Transaction ID 360500943,safe
Rs 100000 credited to your account from salary. Available balance Rs 100000,safe
Your flight PNR F12G11 is confirmed for tomorrow 6am departure,safe
Rs 100000 sent to Sneha via UPI. Transaction ID 119887505,safe
Your SBI account will be blocked in 24 hours. Update PAN card details immediately https://instant-loan-approve.com,scam
SBI security team: verify your account within 30 minutes to avoid permanent block https://tinyurl.com/claim-now,scam
Your UPI ID has been used for a transaction of Rs 15000. If not done by you click here to block https://instant-loan-approve.com,scam
Your ticket booking for the movie tonight is confirmed,safe
Your rent payment of Rs 50000 has been received by your landlord,safe
Get Rs 100000 cashback instantly. Just click and enter your UPI PIN to receive https://bit.ly/kyc-update,scam
Rs 999 sent to Suresh via UPI. Transaction ID 857238597,safe
Rahul has sent you a payment request of Rs 100000 on HDFC. Approve now https://secure-bank-verify.com,scam
"Priya, your Paytm account balance is Rs 5000 as of today",safe
Get Rs 10000 cashback instantly. Just click and enter your UPI PIN to receive https://cashback-claim.tk,scam
Your credit card limit has been increased to Rs 50000. Click to activate now https://cashback-claim.tk,scam
Your internet bill of Rs 50000 has been auto-debited successfully,safe
Rs 15000 sent to Sneha via UPI. Transaction ID 185119337,safe
Your Paytm KYC is incomplete. Complete now or wallet will be frozen https://kyc-update-now.info,scam
Rs 9999 has been debited from your account for Swiggy order. Available balance Rs 9999,safe
Rs 50000 has been debited from your account for Swiggy order. Available balance Rs 100000,safe
Rs 100000 has been debited from your account for Swiggy order. Available balance Rs 1500,safe
Happy birthday Neha! Wishing you a wonderful year ahead,safe
Your PhonePe KYC is incomplete. Complete now or wallet will be frozen https://verify-account.xyz,scam
Rs 500 sent to Kavita via UPI. Transaction ID 809111808,safe
"Arpit, your Axis Bank account balance is Rs 1500 as of today",safe
Your mobile number won a lottery of Rs 9999. Send your bank details to claim now,scam
You have an unclaimed parcel. Pay Rs 50000 customs fee to release it https://refund-claim.tk,scam
Kotak security team: verify your account within 30 minutes to avoid permanent block https://secure-bank-verify.com,scam
Your UPI ID has been used for a transaction of Rs 10000. If not done by you click here to block https://instant-loan-approve.com,scam
Your ICICI net banking has been locked due to suspicious activity. Unlock here https://prize-winner-claim.info,scam
Congratulations! You have won Rs 25000 in Google Pay lucky draw. Click here to claim https://kyc-update-now.info,scam
Congratulations! You have won Rs 50000 in SBI lucky draw. Click here to claim https://cashback-claim.tk,scam
Rs 500 sent to Amit via UPI. Transaction ID 562367655,safe
Your ICICI KYC is incomplete. Complete now or wallet will be frozen https://tinyurl.com/claim-now,scam
Your Netflix subscription has been renewed for Rs 500,safe
"Your Zomato order is out for delivery, arriving in 15 minutes",safe
Rs 2000 credited to your account from salary. Available balance Rs 100000,safe
Get Rs 9999 cashback instantly. Just click and enter your UPI PIN to receive https://secure-bank-verify.com,scam
Rs 50000 has been debited from your account for Swiggy order. Available balance Rs 999,safe
Your credit card limit has been increased to Rs 100000. Click to activate now https://tinyurl.com/claim-now,scam
Your college fee payment of Rs 10000 has been received successfully,safe
Paytm alert: Unusual activity detected on your account. Confirm your identity by entering OTP on this link https://prize-winner-claim.info,scam
"Vikram, your SBI account balance is Rs 9999 as of today",safe
Your UPI ID has been used for a transaction of Rs 10000. If not done by you click here to block https://refund-claim.tk,scam
Your flight PNR 53AA2G is confirmed for tomorrow 6am departure,safe
Loan approved instantly! No documents required. Click here to get Rs 25000 in your account https://cashback-claim.tk,scam
Your UPI ID has been used for a transaction of Rs 50000. If not done by you click here to block https://cashback-claim.tk,scam
Your flight PNR EHF144 is confirmed for tomorrow 6am departure,safe
Job offer! Earn Rs 999 daily working from home. Register now and pay registration fee https://cashback-claim.tk,scam
Your OTP for login is 478702. Do not share this with anyone.,safe
"Rohan, your PNB account balance is Rs 10000 as of today",safe
Rs 1500 has been debited from your account for Swiggy order. Available balance Rs 15000,safe
Your flight PNR 14AGGA is confirmed for tomorrow 6am departure,safe
Rs 2000 credited to your account from salary. Available balance Rs 2500,safe
Rs 50000 sent to Arush via UPI. Transaction ID 609424194,safe
"Priya, your BOB account balance is Rs 5000 as of today",safe
Your mobile number won a lottery of Rs 999. Send your bank details to claim now,scam
Rs 500 credited to your account from salary. Available balance Rs 5000,safe
Congratulations! You have won Rs 10000 in Axis Bank lucky draw. Click here to claim https://tinyurl.com/claim-now,scam
Loan approved instantly! No documents required. Click here to get Rs 2000 in your account https://bit.ly/kyc-update,scam
Your SBI net banking has been locked due to suspicious activity. Unlock here https://verify-account.xyz,scam
Your credit card limit has been increased to Rs 100000. Click to activate now https://prize-winner-claim.info,scam
Free 1 year subscription waiting for you. Click here to activate https://bit.ly/kyc-update,scam
Rs 2000 has been debited from your account for Swiggy order. Available balance Rs 50000,safe
Job offer! Earn Rs 500 daily working from home. Register now and pay registration fee https://kyc-update-now.info,scam
Kotak alert: Unusual activity detected on your account. Confirm your identity by entering OTP on this link https://prize-winner-claim.info,scam
You have received Rs 9999 refund from HDFC. Click link to collect https://instant-loan-approve.com,scam
Congratulations! You have won Rs 50000 in SBI lucky draw. Click here to claim https://refund-claim.tk,scam
Rs 999 has been debited from your account for Swiggy order. Available balance Rs 100000,safe
Your flight PNR 1FFC32 is confirmed for tomorrow 6am departure,safe
SBI alert: Unusual activity detected on your account. Confirm your identity by entering OTP on this link https://account-block-alert.xyz,scam
Your recharge of Rs 5000 was successful. Validity till next month,safe
abhijeet has sent you a payment request of Rs 100000 on SBI. Approve now https://refund-claim.tk,scam
Your flight PNR EG143G is confirmed for tomorrow 6am departure,safe
"Anjali, your ICICI account balance is Rs 9999 as of today",safe
URGENT: Your HDFC account has been suspended. Verify your UPI PIN now to reactivate https://tinyurl.com/claim-now,scam
Job offer! Earn Rs 2500 daily working from home. Register now and pay registration fee https://kyc-update-now.info,scam
Paytm alert: Unusual activity detected on your account. Confirm your identity by entering OTP on this link https://tinyurl.com/claim-now,scam
Your flight PNR D12AEA is confirmed for tomorrow 6am departure,safe
Your food delivery partner Vikram has picked up your order,safe
Your flight PNR 2E5E3C is confirmed for tomorrow 6am departure,safe
Your flight PNR B3HCC2 is confirmed for tomorrow 6am departure,safe
Rs 9999 credited to your account from salary. Available balance Rs 2000,safe
SBI alert: Unusual activity detected on your account. Confirm your identity by entering OTP on this link https://instant-loan-approve.com,scam
Job offer! Earn Rs 9999 daily working from home. Register now and pay registration fee https://bit.ly/kyc-update,scam
Income tax refund of Rs 10000 approved. Click to claim before deadline https://account-block-alert.xyz,scam
Alert: Your Paytm debit card will expire today. Update details on this link https://prize-winner-claim.info,scam
URGENT: Your Axis Bank account has been suspended. Verify your UPI PIN now to reactivate https://bit.ly/kyc-update,scam
Your OTP for login is 592491. Do not share this with anyone.,safe
Alert: Your HDFC debit card will expire today. Update details on this link https://verify-account.xyz,scam
Congratulations you are selected for lucky winner prize of Rs 2000. Claim now https://secure-bank-verify.com,scam
Your flight PNR DC2FBF is confirmed for tomorrow 6am departure,safe
Your electricity bill of Rs 100000 has been paid successfully,safe
Your OTP for login is 913550. Do not share this with anyone.,safe
"Suresh, your BOB account balance is Rs 9999 as of today",safe
Rs 15000 sent to Rahul via UPI. Transaction ID 552345128,safe
You have received Rs 999 refund from PNB. Click link to collect https://bit.ly/kyc-update,scam
Rs 10000 credited to your account from salary. Available balance Rs 100000,safe
Alert: Your Axis Bank debit card will expire today. Update details on this link https://tinyurl.com/claim-now,scam
"Anjali, your PhonePe account balance is Rs 9999 as of today",safe
You have an unclaimed parcel. Pay Rs 999 customs fee to release it https://tinyurl.com/claim-now,scam
Income tax refund of Rs 500 approved. Click to claim before deadline https://verify-account.xyz,scam
Your book is due for return at the library by next Tuesday,safe
Your OTP for login is 283630. Do not share this with anyone.,safe
Your college fee payment of Rs 1500 has been received successfully,safe
Alert: Your HDFC debit card will expire today. Update details on this link https://instant-loan-approve.com,scam
Rs 100000 credited to your account from salary. Available balance Rs 999,safe
Your Paytm net banking has been locked due to suspicious activity. Unlock here https://prize-winner-claim.info,scam
Rs 5000 has been debited from your account for Swiggy order. Available balance Rs 999,safe
Your flight PNR AB4232 is confirmed for tomorrow 6am departure,safe
Free recharge of Rs 50000 waiting for you. Click to claim before offer expires https://tinyurl.com/claim-now,scam
Rs 2500 credited to your account from salary. Available balance Rs 2000,safe
"Amit, your Axis Bank account balance is Rs 1500 as of today",safe
Job offer! Earn Rs 2000 daily working from home. Register now and pay registration fee https://verify-account.xyz,scam
Rs 1500 credited to your account from salary. Available balance Rs 9999,safe
Your UPI ID has been used for a transaction of Rs 500. If not done by you click here to block https://kyc-update-now.info,scam
Rs 5000 sent to abhijeet via UPI. Transaction ID 462993315,safe
Income tax refund of Rs 5000 approved. Click to claim before deadline https://verify-account.xyz,scam
Your rent payment of Rs 5000 has been received by your landlord,safe
Your flight PNR HD2GGF is confirmed for tomorrow 6am departure,safe
Free recharge of Rs 10000 waiting for you. Click to claim before offer expires https://kyc-update-now.info,scam
Your OTP for login is 497817. Do not share this with anyone.,safe
URGENT: Your Paytm account has been suspended. Verify your UPI PIN now to reactivate https://instant-loan-approve.com,scam
Your OTP for login is 285710. Do not share this with anyone.,safe
URGENT: Your ICICI account has been suspended. Verify your UPI PIN now to reactivate https://tinyurl.com/claim-now,scam
Income tax refund of Rs 25000 approved. Click to claim before deadline https://account-block-alert.xyz,scam
Your electricity connection will be cut tonight. Pay pending bill immediately https://verify-account.xyz,scam
"Arpit, your PhonePe account balance is Rs 15000 as of today",safe
Congratulations you are selected for lucky winner prize of Rs 25000. Claim now https://tinyurl.com/claim-now,scam
Alert: Your ICICI debit card will expire today. Update details on this link https://refund-claim.tk,scam
"Work from home and earn Rs 1500 per week guaranteed, limited seats, register now https://verify-account.xyz",scam
Alert: Your BOB debit card will expire today. Update details on this link https://refund-claim.tk,scam
Rs 500 has been debited from your account for Swiggy order. Available balance Rs 100000,safe
Rs 100000 sent to Rahul via UPI. Transaction ID 242099130,safe
You are eligible for a government subsidy of Rs 2000. Claim before it expires https://refund-claim.tk,scam
Your UPI ID has been used for a transaction of Rs 500. If not done by you click here to block https://cashback-claim.tk,scam
Congratulations! You have won Rs 10000 in Paytm lucky draw. Click here to claim https://refund-claim.tk,scam
Last warning: Your Aadhaar linked Paytm account will be deactivated today. Verify now https://tinyurl.com/claim-now,scam
Loan approved instantly! No documents required. Click here to get Rs 100000 in your account https://kyc-update-now.info,scam
Congratulations! You have won Rs 999 in BOB lucky draw. Click here to claim https://bit.ly/kyc-update,scam
Vikram has sent you a payment request of Rs 5000 on Google Pay. Approve now https://cashback-claim.tk,scam
Rs 1500 has been debited from your account for Swiggy order. Available balance Rs 25000,safe
Rs 25000 has been debited from your account for Swiggy order. Available balance Rs 15000,safe
Rs 5000 has been debited from your account for Swiggy order. Available balance Rs 500,safe
You have an unclaimed parcel. Pay Rs 25000 customs fee to release it https://cashback-claim.tk,scam
"Work from home and earn Rs 15000 per week guaranteed, limited seats, register now https://kyc-update-now.info",scam
Your Netflix subscription has been renewed for Rs 1500,safe
Happy birthday Priya! Wishing you a wonderful year ahead,safe
Your flight PNR FE224A is confirmed for tomorrow 6am departure,safe
URGENT: Your Google Pay account has been suspended. Verify your UPI PIN now to reactivate https://secure-bank-verify.com,scam
"Vikram, your PNB account balance is Rs 999 as of today",safe
Your mobile number won a lottery of Rs 500. Send your bank details to claim now,scam
Congratulations you are selected for lucky winner prize of Rs 50000. Claim now https://tinyurl.com/claim-now,scam
Your mobile number won a lottery of Rs 1500. Send your bank details to claim now,scam
Free recharge of Rs 100000 waiting for you. Click to claim before offer expires https://secure-bank-verify.com,scam
Your flight PNR HGB5GB is confirmed for tomorrow 6am departure,safe
Your OTP for login is 578441. Do not share this with anyone.,safe
Last warning: Your Aadhaar linked Kotak account will be deactivated today. Verify now https://tinyurl.com/claim-now,scam
Your rent payment of Rs 2500 has been received by your landlord,safe
Get Rs 15000 cashback instantly. Just click and enter your UPI PIN to receive https://verify-account.xyz,scam
Arush has sent you a payment request of Rs 2500 on Axis Bank. Approve now https://verify-account.xyz,scam
Your SBI net banking has been locked due to suspicious activity. Unlock here https://cashback-claim.tk,scam
"Neha, your Axis Bank account balance is Rs 5000 as of today",safe
Your SIM card will be deactivated today due to KYC mismatch. Update now https://bit.ly/kyc-update,scam
Rs 15000 has been debited from your account for Swiggy order. Available balance Rs 999,safe
You have received Rs 15000 refund from SBI. Click link to collect https://tinyurl.com/claim-now,scam
Job offer! Earn Rs 999 daily working from home. Register now and pay registration fee https://tinyurl.com/claim-now,scam
Rs 100000 credited to your account from salary. Available balance Rs 2000,safe
Your Kotak account will be blocked in 24 hours. Update PAN card details immediately https://verify-account.xyz,scam
Rs 500 sent to Rahul via UPI. Transaction ID 964059023,safe
"Vikram, your Kotak account balance is Rs 10000 as of today",safe
Rs 999 sent to abhijeet via UPI. Transaction ID 280031242,safe
Get Rs 500 cashback instantly. Just click and enter your UPI PIN to receive https://tinyurl.com/claim-now,scam
Your ICICI KYC is incomplete. Complete now or wallet will be frozen https://verify-account.xyz,scam
URGENT: Your PNB account has been suspended. Verify your UPI PIN now to reactivate https://secure-bank-verify.com,scam
Your electricity bill of Rs 2000 has been paid successfully,safe
Your electricity bill of Rs 25000 is pending. Pay now to avoid disconnection https://prize-winner-claim.info,scam
Income tax refund of Rs 500 approved. Click to claim before deadline https://refund-claim.tk,scam
Your UPI ID has been used for a transaction of Rs 500. If not done by you click here to block https://secure-bank-verify.com,scam
Rs 2500 has been debited from your account for Swiggy order. Available balance Rs 9999,safe
"Rohan, your Kotak account balance is Rs 999 as of today",safe
"Priya, your Kotak account balance is Rs 100000 as of today",safe
Reminder: Submit your assignment by Friday 5pm,safe
Your BOB net banking has been locked due to suspicious activity. Unlock here https://bit.ly/kyc-update,scam
Your ICICI net banking has been locked due to suspicious activity. Unlock here https://account-block-alert.xyz,scam
You are eligible for a government subsidy of Rs 500. Claim before it expires https://account-block-alert.xyz,scam
"Neha, your HDFC account balance is Rs 10000 as of today",safe
URGENT: Your Kotak account has been suspended. Verify your UPI PIN now to reactivate https://verify-account.xyz,scam
Free recharge of Rs 15000 waiting for you. Click to claim before offer expires https://bit.ly/kyc-update,scam
"Work from home and earn Rs 100000 per week guaranteed, limited seats, register now https://tinyurl.com/claim-now",scam
"Sneha, your Paytm account balance is Rs 2000 as of today",safe
Dear customer your Paytm KYC will expire today. Update immediately or account will be blocked https://instant-loan-approve.com,scam
You have received Rs 2500 refund from ICICI. Click link to collect https://tinyurl.com/claim-now,scam
URGENT: Your HDFC account has been suspended. Verify your UPI PIN now to reactivate https://account-block-alert.xyz,scam
Your OTP for login is 251397. Do not share this with anyone.,safe
"Vikram, your BOB account balance is Rs 2500 as of today",safe
Your HDFC KYC is incomplete. Complete now or wallet will be frozen https://verify-account.xyz,scam
Your OTP for login is 759253. Do not share this with anyone.,safe
Your OTP for login is 945365. Do not share this with anyone.,safe
"Neha, your Google Pay account balance is Rs 1500 as of today",safe
Rs 5000 sent to Kavita via UPI. Transaction ID 138356545,safe
Rs 100000 sent to Priya via UPI. Transaction ID 262290463,safe
Rs 10000 credited to your account from salary. Available balance Rs 2000,safe
Rs 25000 has been debited from your account for Swiggy order. Available balance Rs 2000,safe
Your mobile number won a lottery of Rs 2500. Send your bank details to claim now,scam
"Dear user, someone tried to login to your BOB account. Click to secure your account immediately https://verify-account.xyz",scam
Your ICICI account will be blocked in 24 hours. Update PAN card details immediately https://tinyurl.com/claim-now,scam
Your electricity bill of Rs 2000 is pending. Pay now to avoid disconnection https://tinyurl.com/claim-now,scam
"abhijeet, your PhonePe account balance is Rs 2500 as of today",safe
You are eligible for a government subsidy of Rs 2500. Claim before it expires https://verify-account.xyz,scam
Last warning: Your Aadhaar linked ICICI account will be deactivated today. Verify now https://tinyurl.com/claim-now,scam
Your credit card limit has been increased to Rs 25000. Click to activate now https://kyc-update-now.info,scam
Your UPI ID has been used for a transaction of Rs 999. If not done by you click here to block https://secure-bank-verify.com,scam
Your OTP for login is 540077. Do not share this with anyone.,safe
Your flight PNR 3AE1EB is confirmed for tomorrow 6am departure,safe
"Amit, your Axis Bank account balance is Rs 999 as of today",safe
Job offer! Earn Rs 1500 daily working from home. Register now and pay registration fee https://refund-claim.tk,scam
Last warning: Your Aadhaar linked Axis Bank account will be deactivated today. Verify now https://instant-loan-approve.com,scam
Your recharge of Rs 1500 was successful. Validity till next month,safe
Hurry! Only 2 hours left to claim your Rs 999 cashback reward https://bit.ly/kyc-update,scam
Your OTP for login is 471910. Do not share this with anyone.,safe
Your mobile number won a lottery of Rs 50000. Send your bank details to claim now,scam
Rs 999 credited to your account from salary. Available balance Rs 50000,safe
Your flight PNR 2G3F34 is confirmed for tomorrow 6am departure,safe
Get Rs 10000 cashback instantly. Just click and enter your UPI PIN to receive https://account-block-alert.xyz,scam
Get Rs 15000 cashback instantly. Just click and enter your UPI PIN to receive https://secure-bank-verify.com,scam
Your HDFC statement for last month is now available in the app,safe
Thank you for shopping with us. Your invoice has been generated,safe
Your flight PNR 4A1HB2 is confirmed for tomorrow 6am departure,safe
"Kavita, your Google Pay account balance is Rs 100000 as of today",safe
You are eligible for a government subsidy of Rs 2000. Claim before it expires https://instant-loan-approve.com,scam
URGENT: Your PhonePe account has been suspended. Verify your UPI PIN now to reactivate https://kyc-update-now.info,scam
Your mobile number won a lottery of Rs 100000. Send your bank details to claim now,scam
Free 1 year subscription waiting for you. Click here to activate https://kyc-update-now.info,scam
Loan approved instantly! No documents required. Click here to get Rs 25000 in your account https://prize-winner-claim.info,scam
You have an unclaimed parcel. Pay Rs 999 customs fee to release it https://cashback-claim.tk,scam
Your flight PNR AH45GF is confirmed for tomorrow 6am departure,safe
Class test postponed to next week due to holiday,safe
You have received Rs 5000 refund from ICICI. Click link to collect https://kyc-update-now.info,scam
Happy birthday Arpit! Wishing you a wonderful year ahead,safe
You are eligible for a government subsidy of Rs 1500. Claim before it expires https://cashback-claim.tk,scam
Your UPI ID has been used for a transaction of Rs 2000. If not done by you click here to block https://kyc-update-now.info,scam
Your internet bill of Rs 100000 has been auto-debited successfully,safe
Kotak alert: Unusual activity detected on your account. Confirm your identity by entering OTP on this link https://refund-claim.tk,scam
Free recharge of Rs 2500 waiting for you. Click to claim before offer expires https://bit.ly/kyc-update,scam
You have an unclaimed parcel. Pay Rs 5000 customs fee to release it https://instant-loan-approve.com,scam
Last warning: Your Aadhaar linked SBI account will be deactivated today. Verify now https://verify-account.xyz,scam
Paytm security team: verify your account within 30 minutes to avoid permanent block https://verify-account.xyz,scam
You have an unclaimed parcel. Pay Rs 999 customs fee to release it https://bit.ly/kyc-update,scam
Your Kotak KYC is incomplete. Complete now or wallet will be frozen https://tinyurl.com/claim-now,scam
Get Rs 2000 cashback instantly. Just click and enter your UPI PIN to receive https://prize-winner-claim.info,scam
Your flight PNR DECAD4 is confirmed for tomorrow 6am departure,safe
Income tax refund of Rs 15000 approved. Click to claim before deadline https://tinyurl.com/claim-now,scam
Loan approved instantly! No documents required. Click here to get Rs 50000 in your account https://verify-account.xyz,scam
You have received Rs 500 refund from SBI. Click link to collect https://secure-bank-verify.com,scam
URGENT: Your HDFC account has been suspended. Verify your UPI PIN now to reactivate https://cashback-claim.tk,scam
Rs 15000 sent to Anjali via UPI. Transaction ID 433986301,safe
Your UPI ID has been used for a transaction of Rs 100000. If not done by you click here to block https://refund-claim.tk,scam
Income tax refund of Rs 2500 approved. Click to claim before deadline https://cashback-claim.tk,scam
Your flight PNR DHG4FA is confirmed for tomorrow 6am departure,safe
URGENT: Your PhonePe account has been suspended. Verify your UPI PIN now to reactivate https://instant-loan-approve.com,scam
"Neha, your HDFC account balance is Rs 100000 as of today",safe
Your electricity connection will be cut tonight. Pay pending bill immediately https://tinyurl.com/claim-now,scam
Your Axis Bank account will be blocked in 24 hours. Update PAN card details immediately https://refund-claim.tk,scam
Income tax refund of Rs 1500 approved. Click to claim before deadline https://tinyurl.com/claim-now,scam
Your OTP for login is 838203. Do not share this with anyone.,safe
Alert: Your BOB debit card will expire today. Update details on this link https://verify-account.xyz,scam
Free recharge of Rs 10000 waiting for you. Click to claim before offer expires https://cashback-claim.tk,scam
Your flight PNR EHFA12 is confirmed for tomorrow 6am departure,safe
"Priya, your ICICI account balance is Rs 10000 as of today",safe
Free 1 year subscription waiting for you. Click here to activate https://verify-account.xyz,scam
Last warning: Your Aadhaar linked HDFC account will be deactivated today. Verify now https://verify-account.xyz,scam
Rs 2500 credited to your account from salary. Available balance Rs 2500,safe
Get Rs 25000 cashback instantly. Just click and enter your UPI PIN to receive https://kyc-update-now.info,scam
You have received Rs 500 refund from Axis Bank. Click link to collect https://cashback-claim.tk,scam
"Suresh, your PNB account balance is Rs 50000 as of today",safe
Your OTP for login is 104797. Do not share this with anyone.,safe
Congratulations! You have won Rs 2500 in SBI lucky draw. Click here to claim https://prize-winner-claim.info,scam
Rs 100000 credited to your account from salary. Available balance Rs 15000,safe
"Arpit, your BOB account balance is Rs 999 as of today",safe
Income tax refund of Rs 100000 approved. Click to claim before deadline https://refund-claim.tk,scam
Your electricity bill of Rs 2500 is pending. Pay now to avoid disconnection https://verify-account.xyz,scam
Rs 25000 sent to Vikram via UPI. Transaction ID 524818674,safe
BOB alert: Unusual activity detected on your account. Confirm your identity by entering OTP on this link https://tinyurl.com/claim-now,scam
Your flight PNR G341G1 is confirmed for tomorrow 6am departure,safe
Your electricity connection will be cut tonight. Pay pending bill immediately https://bit.ly/kyc-update,scam
Income tax refund of Rs 9999 approved. Click to claim before deadline https://tinyurl.com/claim-now,scam
Congratulations you are selected for lucky winner prize of Rs 9999. Claim now https://bit.ly/kyc-update,scam
"Arpit, your Axis Bank account balance is Rs 15000 as of today",safe
Rs 100000 credited to your account from salary. Available balance Rs 25000,safe
You have received Rs 2500 refund from PNB. Click link to collect https://account-block-alert.xyz,scam
Get Rs 2000 cashback instantly. Just click and enter your UPI PIN to receive https://verify-account.xyz,scam
Your college fee payment of Rs 50000 has been received successfully,safe
Rs 2500 credited to your account from salary. Available balance Rs 50000,safe
Your PhonePe statement for last month is now available in the app,safe
Your flight PNR B5A2DB is confirmed for tomorrow 6am departure,safe
Rs 500 has been debited from your account for Swiggy order. Available balance Rs 9999,safe
Your UPI ID has been used for a transaction of Rs 10000. If not done by you click here to block https://secure-bank-verify.com,scam
You have an unclaimed parcel. Pay Rs 50000 customs fee to release it https://instant-loan-approve.com,scam
Your flight PNR C3CDAF is confirmed for tomorrow 6am departure,safe
Your recharge of Rs 15000 was successful. Validity till next month,safe
Your flight PNR E4G22C is confirmed for tomorrow 6am departure,safe
Your OTP for login is 419894. Do not share this with anyone.,safe
Income tax refund of Rs 2500 approved. Click to claim before deadline https://refund-claim.tk,scam
Your college fee payment of Rs 2000 has been received successfully,safe
Your OTP for login is 615326. Do not share this with anyone.,safe
Your flight PNR HHDH35 is confirmed for tomorrow 6am departure,safe
Your food delivery partner Arpit has picked up your order,safe
Your college fee payment of Rs 2500 has been received successfully,safe
Your electricity bill of Rs 1500 is pending. Pay now to avoid disconnection https://prize-winner-claim.info,scam
Your PNB net banking has been locked due to suspicious activity. Unlock here https://instant-loan-approve.com,scam
Rs 25000 has been debited from your account for Swiggy order. Available balance Rs 999,safe
Your UPI ID has been used for a transaction of Rs 1500. If not done by you click here to block https://instant-loan-approve.com,scam
"Arush, your SBI account balance is Rs 15000 as of today",safe
Congratulations! You have won Rs 2000 in ICICI lucky draw. Click here to claim https://kyc-update-now.info,scam
Kotak security team: verify your account within 30 minutes to avoid permanent block https://bit.ly/kyc-update,scam
Your credit card limit has been increased to Rs 2500. Click to activate now https://cashback-claim.tk,scam
Your electricity connection will be cut tonight. Pay pending bill immediately https://account-block-alert.xyz,scam
Your food delivery partner abhijeet has picked up your order,safe
Last warning: Your Aadhaar linked PNB account will be deactivated today. Verify now https://cashback-claim.tk,scam
Get Rs 2500 cashback instantly. Just click and enter your UPI PIN to receive https://refund-claim.tk,scam
"Dear user, someone tried to login to your HDFC account. Click to secure your account immediately https://instant-loan-approve.com",scam
"Work from home and earn Rs 50000 per week guaranteed, limited seats, register now https://cashback-claim.tk",scam
Job offer! Earn Rs 1500 daily working from home. Register now and pay registration fee https://kyc-update-now.info,scam
Last warning: Your Aadhaar linked BOB account will be deactivated today. Verify now https://tinyurl.com/claim-now,scam
Your credit card limit has been increased to Rs 2500. Click to activate now https://prize-winner-claim.info,scam
Free recharge of Rs 25000 waiting for you. Click to claim before offer expires https://tinyurl.com/claim-now,scam
Last warning: Your Aadhaar linked Google Pay account will be deactivated today. Verify now https://account-block-alert.xyz,scam
Rs 5000 has been debited from your account for Swiggy order. Available balance Rs 9999,safe
Meeting scheduled for 3pm today. Please join the call on time,safe
You are eligible for a government subsidy of Rs 50000. Claim before it expires https://secure-bank-verify.com,scam
Your rent payment of Rs 999 has been received by your landlord,safe
Your Netflix subscription has been renewed for Rs 15000,safe
Your rent payment of Rs 1500 has been received by your landlord,safe
Your rent payment of Rs 2000 has been received by your landlord,safe
Your flight PNR 53C12D is confirmed for tomorrow 6am departure,safe
Rs 999 credited to your account from salary. Available balance Rs 100000,safe
Your credit card limit has been increased to Rs 10000. Click to activate now https://verify-account.xyz,scam
"Neha, your PhonePe account balance is Rs 999 as of today",safe
Your OTP for login is 771839. Do not share this with anyone.,safe
Your OTP for login is 576111. Do not share this with anyone.,safe
Your internet bill of Rs 2500 has been auto-debited successfully,safe
You have received Rs 15000 refund from HDFC. Click link to collect https://bit.ly/kyc-update,scam
Congratulations you are selected for lucky winner prize of Rs 2000. Claim now https://refund-claim.tk,scam
Dear customer your PNB KYC will expire today. Update immediately or account will be blocked https://prize-winner-claim.info,scam
Rs 5000 sent to abhijeet via UPI. Transaction ID 163010075,safe
"abhijeet, your Kotak account balance is Rs 50000 as of today",safe
Your internet bill of Rs 10000 has been auto-debited successfully,safe
Hurry! Only 2 hours left to claim your Rs 9999 cashback reward https://bit.ly/kyc-update,scam
Your credit card limit has been increased to Rs 2000. Click to activate now https://secure-bank-verify.com,scam
URGENT: Your Google Pay account has been suspended. Verify your UPI PIN now to reactivate https://cashback-claim.tk,scam
Job offer! Earn Rs 500 daily working from home. Register now and pay registration fee https://bit.ly/kyc-update,scam
Rs 50000 credited to your account from salary. Available balance Rs 10000,safe
"abhijeet, your PhonePe account balance is Rs 100000 as of today",safe
Your PNB KYC is incomplete. Complete now or wallet will be frozen https://account-block-alert.xyz,scam
Alert: Your Google Pay debit card will expire today. Update details on this link https://tinyurl.com/claim-now,scam
"Work from home and earn Rs 5000 per week guaranteed, limited seats, register now https://instant-loan-approve.com",scam
Income tax refund of Rs 500 approved. Click to claim before deadline https://account-block-alert.xyz,scam
Your OTP for login is 538838. Do not share this with anyone.,safe
Your credit card limit has been increased to Rs 9999. Click to activate now https://instant-loan-approve.com,scam
Free recharge of Rs 1500 waiting for you. Click to claim before offer expires https://kyc-update-now.info,scam
You have received Rs 10000 refund from PNB. Click link to collect https://verify-account.xyz,scam
Your flight PNR CBF54D is confirmed for tomorrow 6am departure,safe
Your credit card limit has been increased to Rs 9999. Click to activate now https://refund-claim.tk,scam
Income tax refund of Rs 25000 approved. Click to claim before deadline https://cashback-claim.tk,scam
Your OTP for login is 668326. Do not share this with anyone.,safe
Rs 500 sent to Amit via UPI. Transaction ID 814585584,safe
Rs 2500 sent to Suresh via UPI. Transaction ID 751282333,safe
Rs 500 sent to Sneha via UPI. Transaction ID 579776538,safe
Rs 999 sent to Priya via UPI. Transaction ID 955645476,safe
Your internet bill of Rs 1500 has been auto-debited successfully,safe
"Dear user, someone tried to login to your Axis Bank account. Click to secure your account immediately https://tinyurl.com/claim-now",scam
Your credit card limit has been increased to Rs 10000. Click to activate now https://cashback-claim.tk,scam
Job offer! Earn Rs 1500 daily working from home. Register now and pay registration fee https://secure-bank-verify.com,scam
Rs 2000 sent to abhijeet via UPI. Transaction ID 187990100,safe
Congratulations you are selected for lucky winner prize of Rs 2500. Claim now https://tinyurl.com/claim-now,scam
Your HDFC KYC is incomplete. Complete now or wallet will be frozen https://refund-claim.tk,scam
Hurry! Only 2 hours left to claim your Rs 10000 cashback reward https://tinyurl.com/claim-now,scam
"Work from home and earn Rs 2500 per week guaranteed, limited seats, register now https://cashback-claim.tk",scam
Your credit card limit has been increased to Rs 50000. Click to activate now https://verify-account.xyz,scam
Rs 1500 sent to Rahul via UPI. Transaction ID 297471450,safe
Your OTP for login is 239147. Do not share this with anyone.,safe
Your food delivery partner Anjali has picked up your order,safe
Job offer! Earn Rs 25000 daily working from home. Register now and pay registration fee https://cashback-claim.tk,scam
Free 1 year subscription waiting for you. Click here to activate https://secure-bank-verify.com,scam
Dear customer your HDFC KYC will expire today. Update immediately or account will be blocked https://cashback-claim.tk,scam
Your electricity bill of Rs 25000 is pending. Pay now to avoid disconnection https://tinyurl.com/claim-now,scam
Your PhonePe net banking has been locked due to suspicious activity. Unlock here https://kyc-update-now.info,scam
Your OTP for login is 575650. Do not share this with anyone.,safe
Rs 1500 sent to Neha via UPI. Transaction ID 313265406,safe
Your flight PNR 12D5ED is confirmed for tomorrow 6am departure,safe
HDFC alert: Unusual activity detected on your account. Confirm your identity by entering OTP on this link https://instant-loan-approve.com,scam
"Work from home and earn Rs 1500 per week guaranteed, limited seats, register now https://account-block-alert.xyz",scam
Happy birthday Vikram! Wishing you a wonderful year ahead,safe
"Neha, your PNB account balance is Rs 2000 as of today",safe
Rs 100000 credited to your account from salary. Available balance Rs 5000,safe
Your OTP for login is 724826. Do not share this with anyone.,safe
Google Pay security team: verify your account within 30 minutes to avoid permanent block https://cashback-claim.tk,scam
Rs 5000 has been debited from your account for Swiggy order. Available balance Rs 15000,safe
Rs 1500 has been debited from your account for Swiggy order. Available balance Rs 50000,safe
You have received Rs 15000 refund from SBI. Click link to collect https://instant-loan-approve.com,scam
Your food delivery partner Rahul has picked up your order,safe
Free 1 year subscription waiting for you. Click here to activate https://account-block-alert.xyz,scam
Job offer! Earn Rs 999 daily working from home. Register now and pay registration fee https://verify-account.xyz,scam
Your credit card limit has been increased to Rs 10000. Click to activate now https://bit.ly/kyc-update,scam
Rs 50000 has been debited from your account for Swiggy order. Available balance Rs 500,safe
Get Rs 2500 cashback instantly. Just click and enter your UPI PIN to receive https://tinyurl.com/claim-now,scam
Your SIM card will be deactivated today due to KYC mismatch. Update now https://verify-account.xyz,scam
Your OTP for login is 924843. Do not share this with anyone.,safe
Alert: Your PNB debit card will expire today. Update details on this link https://instant-loan-approve.com,scam
URGENT: Your HDFC account has been suspended. Verify your UPI PIN now to reactivate https://kyc-update-now.info,scam
Your rent payment of Rs 10000 has been received by your landlord,safe
Your electricity bill of Rs 1500 has been paid successfully,safe
Free recharge of Rs 1500 waiting for you. Click to claim before offer expires https://prize-winner-claim.info,scam
Alert: Your SBI debit card will expire today. Update details on this link https://refund-claim.tk,scam
Your OTP for login is 154903. Do not share this with anyone.,safe
Your flight PNR 2F1C1B is confirmed for tomorrow 6am departure,safe
Your credit card limit has been increased to Rs 50000. Click to activate now https://instant-loan-approve.com,scam
Happy birthday Suresh! Wishing you a wonderful year ahead,safe
Dear customer your Kotak KYC will expire today. Update immediately or account will be blocked https://refund-claim.tk,scam
Your recharge of Rs 2000 was successful. Validity till next month,safe
"Work from home and earn Rs 500 per week guaranteed, limited seats, register now https://cashback-claim.tk",scam
Your OTP for login is 500755. Do not share this with anyone.,safe
Get Rs 2500 cashback instantly. Just click and enter your UPI PIN to receive https://cashback-claim.tk,scam
Rs 500 credited to your account from salary. Available balance Rs 2000,safe
Job offer! Earn Rs 1500 daily working from home. Register now and pay registration fee https://prize-winner-claim.info,scam
Dear customer your HDFC KYC will expire today. Update immediately or account will be blocked https://instant-loan-approve.com,scam
Your Google Pay net banking has been locked due to suspicious activity. Unlock here https://kyc-update-now.info,scam
Rs 1500 sent to Priya via UPI. Transaction ID 569909112,safe
Income tax refund of Rs 25000 approved. Click to claim before deadline https://tinyurl.com/claim-now,scam
"Dear user, someone tried to login to your SBI account. Click to secure your account immediately https://account-block-alert.xyz",scam
"Work from home and earn Rs 25000 per week guaranteed, limited seats, register now https://refund-claim.tk",scam
Alert: Your ICICI debit card will expire today. Update details on this link https://account-block-alert.xyz,scam
Last warning: Your Aadhaar linked ICICI account will be deactivated today. Verify now https://kyc-update-now.info,scam
Job offer! Earn Rs 50000 daily working from home. Register now and pay registration fee https://kyc-update-now.info,scam
"Neha, your Paytm account balance is Rs 100000 as of today",safe
Your Netflix subscription has been renewed for Rs 5000,safe
Your college fee payment of Rs 100000 has been received successfully,safe
Rs 1500 sent to Amit via UPI. Transaction ID 632552285,safe
PNB security team: verify your account within 30 minutes to avoid permanent block https://refund-claim.tk,scam
Arpit has sent you a payment request of Rs 1500 on HDFC. Approve now https://secure-bank-verify.com,scam
Your electricity bill of Rs 100000 is pending. Pay now to avoid disconnection https://tinyurl.com/claim-now,scam
Your flight PNR H2C53G is confirmed for tomorrow 6am departure,safe
"Work from home and earn Rs 5000 per week guaranteed, limited seats, register now https://cashback-claim.tk",scam
Rs 9999 credited to your account from salary. Available balance Rs 50000,safe
Doctor appointment confirmed for tomorrow at 11am,safe
Your Axis Bank KYC is incomplete. Complete now or wallet will be frozen https://cashback-claim.tk,scam
URGENT: Your ICICI account has been suspended. Verify your UPI PIN now to reactivate https://prize-winner-claim.info,scam
abhijeet has sent you a payment request of Rs 50000 on Google Pay. Approve now https://cashback-claim.tk,scam
"Work from home and earn Rs 100000 per week guaranteed, limited seats, register now https://secure-bank-verify.com",scam
Alert: Your PhonePe debit card will expire today. Update details on this link https://bit.ly/kyc-update,scam
Your flight PNR 2DE4E5 is confirmed for tomorrow 6am departure,safe
Your internet bill of Rs 15000 has been auto-debited successfully,safe
Your flight PNR 344AG2 is confirmed for tomorrow 6am departure,safe
Your Axis Bank net banking has been locked due to suspicious activity. Unlock here https://account-block-alert.xyz,scam
Your electricity bill of Rs 15000 is pending. Pay now to avoid disconnection https://verify-account.xyz,scam
Rs 9999 sent to Arush via UPI. Transaction ID 893882317,safe
Paytm alert: Unusual activity detected on your account. Confirm your identity by entering OTP on this link https://bit.ly/kyc-update,scam
You have an unclaimed parcel. Pay Rs 9999 customs fee to release it https://tinyurl.com/claim-now,scam
"Arush, your PNB account balance is Rs 9999 as of today",safe
Free recharge of Rs 50000 waiting for you. Click to claim before offer expires https://bit.ly/kyc-update,scam
Your Google Pay net banking has been locked due to suspicious activity. Unlock here https://cashback-claim.tk,scam
Rs 50000 sent to Suresh via UPI. Transaction ID 356210171,safe
Free recharge of Rs 500 waiting for you. Click to claim before offer expires https://bit.ly/kyc-update,scam
Free 1 year subscription waiting for you. Click here to activate https://refund-claim.tk,scam
Your flight PNR 5152D1 is confirmed for tomorrow 6am departure,safe
Google Pay security team: verify your account within 30 minutes to avoid permanent block https://account-block-alert.xyz,scam
Alert: Your Kotak debit card will expire today. Update details on this link https://kyc-update-now.info,scam
You have an unclaimed parcel. Pay Rs 5000 customs fee to release it https://bit.ly/kyc-update,scam
Rs 5000 sent to Rahul via UPI. Transaction ID 147142443,safe
Congratulations you are selected for lucky winner prize of Rs 25000. Claim now https://kyc-update-now.info,scam
Your electricity bill of Rs 50000 is pending. Pay now to avoid disconnection https://secure-bank-verify.com,scam
Rs 5000 sent to Priya via UPI. Transaction ID 256244254,safe
Rs 15000 has been debited from your account for Swiggy order. Available balance Rs 500,safe
Rs 100000 sent to Neha via UPI. Transaction ID 951847913,safe
Congratulations! You have won Rs 2000 in SBI lucky draw. Click here to claim https://prize-winner-claim.info,scam
Happy birthday Sneha! Wishing you a wonderful year ahead,safe
"Arush, your BOB account balance is Rs 9999 as of today",safe
Your electricity bill of Rs 100000 is pending. Pay now to avoid disconnection https://account-block-alert.xyz,scam
Hurry! Only 2 hours left to claim your Rs 2000 cashback reward https://bit.ly/kyc-update,scam
Get Rs 1500 cashback instantly. Just click and enter your UPI PIN to receive https://refund-claim.tk,scam
"Sneha, your Axis Bank account balance is Rs 999 as of today",safe
Rs 50000 sent to Rohan via UPI. Transaction ID 688421294,safe
Your flight PNR 4ECCAC is confirmed for tomorrow 6am departure,safe
"Priya, your SBI account balance is Rs 15000 as of today",safe
"Dear user, someone tried to login to your Kotak account. Click to secure your account immediately https://account-block-alert.xyz",scam
You have an unclaimed parcel. Pay Rs 10000 customs fee to release it https://kyc-update-now.info,scam
Your gym membership has been renewed for another month,safe
Rs 999 sent to Sneha via UPI. Transaction ID 333810072,safe
Rs 1500 has been debited from your account for Swiggy order. Available balance Rs 5000,safe
Congratulations you are selected for lucky winner prize of Rs 2500. Claim now https://refund-claim.tk,scam
You have received Rs 5000 refund from Axis Bank. Click link to collect https://tinyurl.com/claim-now,scam
Dear customer your SBI KYC will expire today. Update immediately or account will be blocked https://tinyurl.com/claim-now,scam
URGENT: Your PhonePe account has been suspended. Verify your UPI PIN now to reactivate https://cashback-claim.tk,scam
Rs 25000 credited to your account from salary. Available balance Rs 25000,safe
Your flight PNR E52522 is confirmed for tomorrow 6am departure,safe
URGENT: Your BOB account has been suspended. Verify your UPI PIN now to reactivate https://cashback-claim.tk,scam
Loan approved instantly! No documents required. Click here to get Rs 15000 in your account https://account-block-alert.xyz,scam
Your flight PNR A1EED4 is confirmed for tomorrow 6am departure,safe
Congratulations on completing your course! Certificate will be issued soon,safe
Hurry! Only 2 hours left to claim your Rs 25000 cashback reward https://tinyurl.com/claim-now,scam
Your electricity bill of Rs 999 is pending. Pay now to avoid disconnection https://instant-loan-approve.com,scam
Your OTP for login is 662292. Do not share this with anyone.,safe
Rs 2000 has been debited from your account for Swiggy order. Available balance Rs 25000,safe
Your flight PNR 25HE1B is confirmed for tomorrow 6am departure,safe
Your flight PNR 4DG11H is confirmed for tomorrow 6am departure,safe
Your OTP for login is 320449. Do not share this with anyone.,safe
Rs 100000 sent to Sneha via UPI. Transaction ID 683127510,safe
Your SBI statement for last month is now available in the app,safe
Your mobile number won a lottery of Rs 10000. Send your bank details to claim now,scam
Rs 2000 has been debited from your account for Swiggy order. Available balance Rs 15000,safe
Your electricity connection will be cut tonight. Pay pending bill immediately https://secure-bank-verify.com,scam
Your recharge of Rs 999 was successful. Validity till next month,safe
You have an unclaimed parcel. Pay Rs 15000 customs fee to release it https://prize-winner-claim.info,scam
Your SIM card will be deactivated today due to KYC mismatch. Update now https://instant-loan-approve.com,scam
Your electricity bill of Rs 999 has been paid successfully,safe
Hurry! Only 2 hours left to claim your Rs 9999 cashback reward https://refund-claim.tk,scam
Your food delivery partner Sneha has picked up your order,safe
Rs 2500 has been debited from your account for Swiggy order. Available balance Rs 15000,safe
Rs 15000 credited to your account from salary. Available balance Rs 2500,safe
"Arush, your ICICI account balance is Rs 50000 as of today",safe
You are eligible for a government subsidy of Rs 500. Claim before it expires https://refund-claim.tk,scam
Income tax refund of Rs 50000 approved. Click to claim before deadline https://tinyurl.com/claim-now,scam
Rs 15000 credited to your account from salary. Available balance Rs 2000,safe
"Arpit, your HDFC account balance is Rs 10000 as of today",safe
Congratulations you are selected for lucky winner prize of Rs 10000. Claim now https://account-block-alert.xyz,scam
You are eligible for a government subsidy of Rs 15000. Claim before it expires https://bit.ly/kyc-update,scam
Rs 2000 sent to Arpit via UPI. Transaction ID 654379588,safe
Get Rs 500 cashback instantly. Just click and enter your UPI PIN to receive https://refund-claim.tk,scam
Rs 10000 sent to Suresh via UPI. Transaction ID 844638825,safe
Last warning: Your Aadhaar linked Google Pay account will be deactivated today. Verify now https://instant-loan-approve.com,scam
Your electricity bill of Rs 50000 is pending. Pay now to avoid disconnection https://account-block-alert.xyz,scam
"Dear user, someone tried to login to your BOB account. Click to secure your account immediately https://secure-bank-verify.com",scam
Your ICICI statement for last month is now available in the app,safe
Hurry! Only 2 hours left to claim your Rs 1500 cashback reward https://bit.ly/kyc-update,scam
Your electricity bill of Rs 50000 is pending. Pay now to avoid disconnection https://instant-loan-approve.com,scam
Rs 2000 has been debited from your account for Swiggy order. Available balance Rs 500,safe
Your OTP for login is 374725. Do not share this with anyone.,safe
Your recharge of Rs 100000 was successful. Validity till next month,safe
Your Amazon order has been shipped and will arrive by tomorrow evening,safe
Get Rs 999 cashback instantly. Just click and enter your UPI PIN to receive https://cashback-claim.tk,scam
"Kavita, your Kotak account balance is Rs 50000 as of today",safe
Rs 5000 credited to your account from salary. Available balance Rs 15000,safe
Your food delivery partner Arush has picked up your order,safe
Your flight PNR EC1145 is confirmed for tomorrow 6am departure,safe
Your flight PNR DCAABF is confirmed for tomorrow 6am departure,safe
Rs 15000 credited to your account from salary. Available balance Rs 9999,safe
Rs 2500 sent to Arush via UPI. Transaction ID 941214062,safe
Congratulations! You have won Rs 1500 in PNB lucky draw. Click here to claim https://instant-loan-approve.com,scam
Happy birthday Kavita! Wishing you a wonderful year ahead,safe
Congratulations! You have won Rs 500 in ICICI lucky draw. Click here to claim https://tinyurl.com/claim-now,scam
"Amit, your PhonePe account balance is Rs 2000 as of today",safe
Rs 999 has been debited from your account for Swiggy order. Available balance Rs 10000,safe
Rs 2000 credited to your account from salary. Available balance Rs 50000,safe
Get Rs 999 cashback instantly. Just click and enter your UPI PIN to receive https://kyc-update-now.info,scam
PhonePe security team: verify your account within 30 minutes to avoid permanent block https://kyc-update-now.info,scam
Your flight PNR ED3BHG is confirmed for tomorrow 6am departure,safe
Free recharge of Rs 1500 waiting for you. Click to claim before offer expires https://tinyurl.com/claim-now,scam
Your electricity bill of Rs 500 is pending. Pay now to avoid disconnection https://tinyurl.com/claim-now,scam
Your UPI ID has been used for a transaction of Rs 50000. If not done by you click here to block https://verify-account.xyz,scam
Rs 1500 credited to your account from salary. Available balance Rs 999,safe
Your recharge of Rs 500 was successful. Validity till next month,safe
Your OTP for login is 213253. Do not share this with anyone.,safe
"Rohan, your SBI account balance is Rs 9999 as of today",safe
Your Axis Bank KYC is incomplete. Complete now or wallet will be frozen https://secure-bank-verify.com,scam
Your Paytm KYC is incomplete. Complete now or wallet will be frozen https://tinyurl.com/claim-now,scam
Your UPI ID has been used for a transaction of Rs 5000. If not done by you click here to block https://prize-winner-claim.info,scam
You have received Rs 500 refund from ICICI. Click link to collect https://account-block-alert.xyz,scam
Your OTP for login is 745161. Do not share this with anyone.,safe
You have an unclaimed parcel. Pay Rs 50000 customs fee to release it https://tinyurl.com/claim-now,scam
Rs 100000 has been debited from your account for Swiggy order. Available balance Rs 25000,safe
Your electricity bill of Rs 9999 has been paid successfully,safe
Your OTP for login is 373740. Do not share this with anyone.,safe
Loan approved instantly! No documents required. Click here to get Rs 100000 in your account https://instant-loan-approve.com,scam
Rs 15000 sent to Arush via UPI. Transaction ID 241574585,safe
Alert: Your PhonePe debit card will expire today. Update details on this link https://account-block-alert.xyz,scam
You are eligible for a government subsidy of Rs 15000. Claim before it expires https://instant-loan-approve.com,scam
Rs 25000 credited to your account from salary. Available balance Rs 50000,safe
Loan approved instantly! No documents required. Click here to get Rs 500 in your account https://tinyurl.com/claim-now,scam
abhijeet has sent you a payment request of Rs 5000 on Axis Bank. Approve now https://kyc-update-now.info,scam
Happy birthday Anjali! Wishing you a wonderful year ahead,safe
Your flight PNR D54BC5 is confirmed for tomorrow 6am departure,safe
Your Axis Bank statement for last month is now available in the app,safe
Your college fee payment of Rs 500 has been received successfully,safe
Happy birthday Arush! Wishing you a wonderful year ahead,safe
"Dear user, someone tried to login to your HDFC account. Click to secure your account immediately https://refund-claim.tk",scam
Your electricity meter reading has been recorded for this month,safe
BOB security team: verify your account within 30 minutes to avoid permanent block https://refund-claim.tk,scam
Your UPI ID has been used for a transaction of Rs 100000. If not done by you click here to block https://instant-loan-approve.com,scam
Congratulations you are selected for lucky winner prize of Rs 50000. Claim now https://secure-bank-verify.com,scam
Your OTP for login is 185000. Do not share this with anyone.,safe
Rs 15000 credited to your account from salary. Available balance Rs 25000,safe
Your OTP for login is 435933. Do not share this with anyone.,safe
Your BOB statement for last month is now available in the app,safe
Your college fee payment of Rs 15000 has been received successfully,safe
Anjali has sent you a payment request of Rs 50000 on BOB. Approve now https://verify-account.xyz,scam
Income tax refund of Rs 100000 approved. Click to claim before deadline https://bit.ly/kyc-update,scam
Loan approved instantly! No documents required. Click here to get Rs 2500 in your account https://account-block-alert.xyz,scam
"Vikram, your SBI account balance is Rs 2000 as of today",safe
Happy birthday Rahul! Wishing you a wonderful year ahead,safe
"abhijeet, your Kotak account balance is Rs 15000 as of today",safe
Rs 100000 has been debited from your account for Swiggy order. Available balance Rs 500,safe
Last warning: Your Aadhaar linked Paytm account will be deactivated today. Verify now https://bit.ly/kyc-update,scam
Last warning: Your Aadhaar linked Google Pay account will be deactivated today. Verify now https://verify-account.xyz,scam
Dear customer your PhonePe KYC will expire today. Update immediately or account will be blocked https://refund-claim.tk,scam
Free recharge of Rs 500 waiting for you. Click to claim before offer expires https://cashback-claim.tk,scam
You have received Rs 100000 refund from Paytm. Click link to collect https://tinyurl.com/claim-now,scam
"Vikram, your Paytm account balance is Rs 15000 as of today",safe
"Kavita, your SBI account balance is Rs 50000 as of today",safe
Income tax refund of Rs 9999 approved. Click to claim before deadline https://bit.ly/kyc-update,scam
Happy birthday abhijeet! Wishing you a wonderful year ahead,safe
Rahul has sent you a payment request of Rs 1500 on ICICI. Approve now https://bit.ly/kyc-update,scam
"Rahul, your PhonePe account balance is Rs 9999 as of today",safe
You have an unclaimed parcel. Pay Rs 999 customs fee to release it https://verify-account.xyz,scam
"Work from home and earn Rs 2500 per week guaranteed, limited seats, register now https://kyc-update-now.info",scam
Your electricity bill of Rs 999 is pending. Pay now to avoid disconnection https://kyc-update-now.info,scam
Loan approved instantly! No documents required. Click here to get Rs 5000 in your account https://tinyurl.com/claim-now,scam
"Dear user, someone tried to login to your BOB account. Click to secure your account immediately https://kyc-update-now.info",scam
You have an unclaimed parcel. Pay Rs 10000 customs fee to release it https://verify-account.xyz,scam
Your BOB KYC is incomplete. Complete now or wallet will be frozen https://prize-winner-claim.info,scam
Your electricity bill of Rs 9999 is pending. Pay now to avoid disconnection https://account-block-alert.xyz,scam
"Work from home and earn Rs 999 per week guaranteed, limited seats, register now https://cashback-claim.tk",scam
Rs 10000 has been debited from your account for Swiggy order. Available balance Rs 2500,safe
Rs 50000 credited to your account from salary. Available balance Rs 2000,safe
"Rohan, your Paytm account balance is Rs 500 as of today",safe
Rs 500 has been debited from your account for Swiggy order. Available balance Rs 50000,safe
Rs 25000 has been debited from your account for Swiggy order. Available balance Rs 500,safe
URGENT: Your PNB account has been suspended. Verify your UPI PIN now to reactivate https://verify-account.xyz,scam
Rs 15000 credited to your account from salary. Available balance Rs 100000,safe
Free recharge of Rs 9999 waiting for you. Click to claim before offer expires https://cashback-claim.tk,scam
Your food delivery partner Rohan has picked up your order,safe
Your OTP for login is 107176. Do not share this with anyone.,safe
"Amit, your SBI account balance is Rs 999 as of today",safe
Rs 999 sent to Rahul via UPI. Transaction ID 820197176,safe
Alert: Your PhonePe debit card will expire today. Update details on this link https://cashback-claim.tk,scam
Your flight PNR 2BH5H5 is confirmed for tomorrow 6am departure,safe
Your OTP for login is 705676. Do not share this with anyone.,safe
Your Netflix subscription has been renewed for Rs 10000,safe
Rs 10000 credited to your account from salary. Available balance Rs 25000,safe
Rs 999 credited to your account from salary. Available balance Rs 2500,safe
Rs 500 credited to your account from salary. Available balance Rs 10000,safe
Your flight PNR 5GCEB1 is confirmed for tomorrow 6am departure,safe
Your college fee payment of Rs 25000 has been received successfully,safe
Your PhonePe net banking has been locked due to suspicious activity. Unlock here https://secure-bank-verify.com,scam
Rs 1500 sent to Sneha via UPI. Transaction ID 918041802,safe
Rs 2500 has been debited from your account for Swiggy order. Available balance Rs 50000,safe
Congratulations you are selected for lucky winner prize of Rs 1500. Claim now https://instant-loan-approve.com,scam
Your Netflix subscription has been renewed for Rs 999,safe
Dear customer your Axis Bank KYC will expire today. Update immediately or account will be blocked https://kyc-update-now.info,scam
Suresh has sent you a payment request of Rs 500 on PhonePe. Approve now https://tinyurl.com/claim-now,scam
You have received Rs 50000 refund from PhonePe. Click link to collect https://tinyurl.com/claim-now,scam
Your flight PNR ED1F2E is confirmed for tomorrow 6am departure,safe
URGENT: Your Paytm account has been suspended. Verify your UPI PIN now to reactivate https://bit.ly/kyc-update,scam
Rs 500 credited to your account from salary. Available balance Rs 1500,safe
"Rohan, your SBI account balance is Rs 25000 as of today",safe
Your flight PNR 3BG4H3 is confirmed for tomorrow 6am departure,safe
Congratulations! You have won Rs 9999 in PNB lucky draw. Click here to claim https://prize-winner-claim.info,scam
Your Netflix subscription has been renewed for Rs 2500,safe
Your rent payment of Rs 25000 has been received by your landlord,safe
Your credit card limit has been increased to Rs 2500. Click to activate now https://instant-loan-approve.com,scam
Rs 2000 sent to Anjali via UPI. Transaction ID 824154194,safe
Your internet bill of Rs 5000 has been auto-debited successfully,safe
You have an unclaimed parcel. Pay Rs 100000 customs fee to release it https://secure-bank-verify.com,scam
"Rohan, your Paytm account balance is Rs 999 as of today",safe
Your electricity bill of Rs 1500 is pending. Pay now to avoid disconnection https://cashback-claim.tk,scam
Rs 500 credited to your account from salary. Available balance Rs 100000,safe
Rs 2000 sent to Neha via UPI. Transaction ID 617090292,safe
Free recharge of Rs 10000 waiting for you. Click to claim before offer expires https://tinyurl.com/claim-now,scam
Your Google Pay net banking has been locked due to suspicious activity. Unlock here https://account-block-alert.xyz,scam
"Suresh, your Axis Bank account balance is Rs 50000 as of today",safe
Rs 9999 has been debited from your account for Swiggy order. Available balance Rs 15000,safe
"Neha, your HDFC account balance is Rs 5000 as of today",safe
URGENT: Your ICICI account has been suspended. Verify your UPI PIN now to reactivate https://kyc-update-now.info,scam
You have received Rs 50000 refund from BOB. Click link to collect https://instant-loan-approve.com,scam
Income tax refund of Rs 15000 approved. Click to claim before deadline https://instant-loan-approve.com,scam
Income tax refund of Rs 5000 approved. Click to claim before deadline https://prize-winner-claim.info,scam
Rs 100000 has been debited from your account for Swiggy order. Available balance Rs 100000,safe
Rs 9999 credited to your account from salary. Available balance Rs 9999,safe
You are eligible for a government subsidy of Rs 100000. Claim before it expires https://kyc-update-now.info,scam
Your electricity bill of Rs 50000 is pending. Pay now to avoid disconnection https://verify-account.xyz,scam
Your OTP for login is 221875. Do not share this with anyone.,safe
Your internet bill of Rs 2000 has been auto-debited successfully,safe
Rs 1500 has been debited from your account for Swiggy order. Available balance Rs 2500,safe
Rs 10000 has been debited from your account for Swiggy order. Available balance Rs 2000,safe
Rs 50000 credited to your account from salary. Available balance Rs 15000,safe
Your college fee payment of Rs 5000 has been received successfully,safe
"Arpit, your PNB account balance is Rs 15000 as of today",safe
"Rahul, your Paytm account balance is Rs 2000 as of today",safe
Your OTP for login is 525558. Do not share this with anyone.,safe
Rs 9999 sent to Sneha via UPI. Transaction ID 625176174,safe
Your flight PNR 1FF513 is confirmed for tomorrow 6am departure,safe
Rs 5000 credited to your account from salary. Available balance Rs 500,safe
Happy birthday Rohan! Wishing you a wonderful year ahead,safe
Your Kotak statement for last month is now available in the app,safe
URGENT: Your PNB account has been suspended. Verify your UPI PIN now to reactivate https://prize-winner-claim.info,scam
Your Kotak KYC is incomplete. Complete now or wallet will be frozen https://kyc-update-now.info,scam
Rs 5000 credited to your account from salary. Available balance Rs 2500,safe
Dear customer your SBI KYC will expire today. Update immediately or account will be blocked https://kyc-update-now.info,scam
Rs 999 has been debited from your account for Swiggy order. Available balance Rs 50000,safe
Hurry! Only 2 hours left to claim your Rs 500 cashback reward https://secure-bank-verify.com,scam
Your PNB statement for last month is now available in the app,safe
You are eligible for a government subsidy of Rs 100000. Claim before it expires https://instant-loan-approve.com,scam
Your flight PNR BB12HG is confirmed for tomorrow 6am departure,safe
Your Google Pay statement for last month is now available in the app,safe
Rs 2500 credited to your account from salary. Available balance Rs 100000,safe
"Sneha, your HDFC account balance is Rs 100000 as of today",safe
"abhijeet, your Kotak account balance is Rs 9999 as of today",safe
"abhijeet, your BOB account balance is Rs 1500 as of today",safe
Alert: Your Kotak debit card will expire today. Update details on this link https://refund-claim.tk,scam
Your electricity bill of Rs 5000 has been paid successfully,safe
Your credit card limit has been increased to Rs 999. Click to activate now https://kyc-update-now.info,scam
Rs 5000 sent to Arush via UPI. Transaction ID 362682448,safe
Your recharge of Rs 10000 was successful. Validity till next month,safe
Your flight PNR FCDAC3 is confirmed for tomorrow 6am departure,safe
Your SIM card will be deactivated today due to KYC mismatch. Update now https://account-block-alert.xyz,scam
"Sneha, your ICICI account balance is Rs 1500 as of today",safe
Your rent payment of Rs 9999 has been received by your landlord,safe
Free 1 year subscription waiting for you. Click here to activate https://tinyurl.com/claim-now,scam
You have received Rs 25000 refund from ICICI. Click link to collect https://cashback-claim.tk,scam
Your OTP for login is 465618. Do not share this with anyone.,safe
URGENT: Your Paytm account has been suspended. Verify your UPI PIN now to reactivate https://kyc-update-now.info,scam
Your Netflix subscription has been renewed for Rs 100000,safe
Your college fee payment of Rs 9999 has been received successfully,safe
Your mobile number won a lottery of Rs 25000. Send your bank details to claim now,scam
Sneha has sent you a payment request of Rs 100000 on Axis Bank. Approve now https://refund-claim.tk,scam
Rs 5000 sent to Arpit via UPI. Transaction ID 835176322,safe
Your recharge of Rs 50000 was successful. Validity till next month,safe
Your OTP for login is 384686. Do not share this with anyone.,safe
Rs 5000 sent to Priya via UPI. Transaction ID 584494738,safe
Your OTP for login is 471427. Do not share this with anyone.,safe
"abhijeet, your SBI account balance is Rs 25000 as of today",safe
Your OTP for login is 621937. Do not share this with anyone.,safe
Your recharge of Rs 9999 was successful. Validity till next month,safe
Your BOB account will be blocked in 24 hours. Update PAN card details immediately https://kyc-update-now.info,scam
Your internet bill of Rs 999 has been auto-debited successfully,safe
"Neha, your HDFC account balance is Rs 2000 as of today",safe
Your Netflix subscription has been renewed for Rs 9999,safe
Loan approved instantly! No documents required. Click here to get Rs 100000 in your account https://account-block-alert.xyz,scam
Rs 9999 credited to your account from salary. Available balance Rs 25000,safe
Dear customer your PNB KYC will expire today. Update immediately or account will be blocked https://tinyurl.com/claim-now,scam
Your UPI ID has been used for a transaction of Rs 500. If not done by you click here to block https://instant-loan-approve.com,scam
Your Netflix subscription has been renewed for Rs 25000,safe
"Neha, your PhonePe account balance is Rs 500 as of today",safe
Alert: Your SBI debit card will expire today. Update details on this link https://bit.ly/kyc-update,scam
Amit has sent you a payment request of Rs 100000 on Kotak. Approve now https://prize-winner-claim.info,scam
Your electricity bill of Rs 2000 is pending. Pay now to avoid disconnection https://prize-winner-claim.info,scam
Your flight PNR 5FCGBE is confirmed for tomorrow 6am departure,safe
Congratulations! You have won Rs 1500 in Axis Bank lucky draw. Click here to claim https://account-block-alert.xyz,scam
Your credit card limit has been increased to Rs 5000. Click to activate now https://cashback-claim.tk,scam
"Sneha, your SBI account balance is Rs 2000 as of today",safe
Kotak security team: verify your account within 30 minutes to avoid permanent block https://kyc-update-now.info,scam
"Dear user, someone tried to login to your Axis Bank account. Click to secure your account immediately https://secure-bank-verify.com",scam
URGENT: Your Kotak account has been suspended. Verify your UPI PIN now to reactivate https://secure-bank-verify.com,scam
Your rent payment of Rs 100000 has been received by your landlord,safe
"Work from home and earn Rs 9999 per week guaranteed, limited seats, register now https://instant-loan-approve.com",scam
Rs 2000 has been debited from your account for Swiggy order. Available balance Rs 100000,safe
Anjali has sent you a payment request of Rs 25000 on Paytm. Approve now https://tinyurl.com/claim-now,scam
"Dear user, someone tried to login to your SBI account. Click to secure your account immediately https://verify-account.xyz",scam
SBI security team: verify your account within 30 minutes to avoid permanent block https://instant-loan-approve.com,scam
You are eligible for a government subsidy of Rs 25000. Claim before it expires https://prize-winner-claim.info,scam
Rs 2500 has been debited from your account for Swiggy order. Available balance Rs 1500,safe
Congratulations! You have won Rs 15000 in Google Pay lucky draw. Click here to claim https://instant-loan-approve.com,scam
Rs 9999 has been debited from your account for Swiggy order. Available balance Rs 2000,safe
Your OTP for login is 250127. Do not share this with anyone.,safe
Your rent payment of Rs 15000 has been received by your landlord,safe
Your college fee payment of Rs 999 has been received successfully,safe
"Dear user, someone tried to login to your Kotak account. Click to secure your account immediately https://prize-winner-claim.info",scam
Rs 2000 has been debited from your account for Swiggy order. Available balance Rs 10000,safe
Alert: Your BOB debit card will expire today. Update details on this link https://bit.ly/kyc-update,scam
PhonePe alert: Unusual activity detected on your account. Confirm your identity by entering OTP on this link https://kyc-update-now.info,scam
Job offer! Earn Rs 999 daily working from home. Register now and pay registration fee https://secure-bank-verify.com,scam
Your SIM card will be deactivated today due to KYC mismatch. Update now https://refund-claim.tk,scam
Loan approved instantly! No documents required. Click here to get Rs 2000 in your account https://account-block-alert.xyz,scam
Loan approved instantly! No documents required. Click here to get Rs 10000 in your account https://bit.ly/kyc-update,scam
Your flight PNR E5HFG3 is confirmed for tomorrow 6am departure,safe
Your electricity bill of Rs 9999 is pending. Pay now to avoid disconnection https://secure-bank-verify.com,scam
"Rahul, your ICICI account balance is Rs 1500 as of today",safe
Last warning: Your Aadhaar linked Google Pay account will be deactivated today. Verify now https://secure-bank-verify.com,scam
Rs 2500 sent to Priya via UPI. Transaction ID 867129446,safe
Income tax refund of Rs 1500 approved. Click to claim before deadline https://prize-winner-claim.info,scam
Your electricity bill of Rs 2500 has been paid successfully,safe
Rs 100000 has been debited from your account for Swiggy order. Available balance Rs 10000,safe
Your OTP for login is 734433. Do not share this with anyone.,safe
URGENT: Your BOB account has been suspended. Verify your UPI PIN now to reactivate https://instant-loan-approve.com,scam
Your electricity bill of Rs 50000 has been paid successfully,safe
Google Pay security team: verify your account within 30 minutes to avoid permanent block https://kyc-update-now.info,scam
Your flight PNR FD33AC is confirmed for tomorrow 6am departure,safe
Your HDFC net banking has been locked due to suspicious activity. Unlock here https://prize-winner-claim.info,scam
Get Rs 25000 cashback instantly. Just click and enter your UPI PIN to receive https://account-block-alert.xyz,scam
Your electricity bill of Rs 500 has been paid successfully,safe
Your flight PNR ACDAHF is confirmed for tomorrow 6am departure,safe
"Arush, your Kotak account balance is Rs 999 as of today",safe
Job offer! Earn Rs 2000 daily working from home. Register now and pay registration fee https://kyc-update-now.info,scam
Congratulations! You have won Rs 2500 in ICICI lucky draw. Click here to claim https://tinyurl.com/claim-now,scam
Your electricity connection will be cut tonight. Pay pending bill immediately https://kyc-update-now.info,scam
Rs 999 credited to your account from salary. Available balance Rs 999,safe
"Arpit, your Kotak account balance is Rs 50000 as of today",safe
Free recharge of Rs 25000 waiting for you. Click to claim before offer expires https://account-block-alert.xyz,scam
Rs 5000 has been debited from your account for Swiggy order. Available balance Rs 50000,safe
Your UPI ID has been used for a transaction of Rs 25000. If not done by you click here to block https://refund-claim.tk,scam
Your electricity bill of Rs 25000 has been paid successfully,safe
Rs 5000 sent to Arpit via UPI. Transaction ID 526555697,safe
SBI security team: verify your account within 30 minutes to avoid permanent block https://refund-claim.tk,scam
Your OTP for login is 388842. Do not share this with anyone.,safe
Your PNB net banking has been locked due to suspicious activity. Unlock here https://account-block-alert.xyz,scam
Income tax refund of Rs 9999 approved. Click to claim before deadline https://cashback-claim.tk,scam
Your electricity bill of Rs 10000 has been paid successfully,safe
Your OTP for login is 787923. Do not share this with anyone.,safe
Rs 9999 credited to your account from salary. Available balance Rs 10000,safe
Free 1 year subscription waiting for you. Click here to activate https://instant-loan-approve.com,scam
Your HDFC KYC is incomplete. Complete now or wallet will be frozen https://bit.ly/kyc-update,scam
Income tax refund of Rs 5000 approved. Click to claim before deadline https://bit.ly/kyc-update,scam
Your flight PNR 1FC213 is confirmed for tomorrow 6am departure,safe
Rs 100000 sent to Sneha via UPI. Transaction ID 368431133,safe
Your Google Pay KYC is incomplete. Complete now or wallet will be frozen https://secure-bank-verify.com,scam
Dear customer your PhonePe KYC will expire today. Update immediately or account will be blocked https://instant-loan-approve.com,scam
Congratulations you are selected for lucky winner prize of Rs 50000. Claim now https://kyc-update-now.info,scam
Your SIM card will be deactivated today due to KYC mismatch. Update now https://prize-winner-claim.info,scam
Your UPI ID has been used for a transaction of Rs 25000. If not done by you click here to block https://bit.ly/kyc-update,scam
Your flight PNR HD535A is confirmed for tomorrow 6am departure,safe
"Arpit, your PNB account balance is Rs 9999 as of today",safe
ICICI security team: verify your account within 30 minutes to avoid permanent block https://kyc-update-now.info,scam
"Priya, your Google Pay account balance is Rs 5000 as of today",safe
Get Rs 2000 cashback instantly. Just click and enter your UPI PIN to receive https://kyc-update-now.info,scam
You have an unclaimed parcel. Pay Rs 1500 customs fee to release it https://verify-account.xyz,scam
HDFC security team: verify your account within 30 minutes to avoid permanent block https://verify-account.xyz,scam
"Priya, your BOB account balance is Rs 15000 as of today",safe
Congratulations! You have won Rs 2500 in Paytm lucky draw. Click here to claim https://bit.ly/kyc-update,scam
Get Rs 2000 cashback instantly. Just click and enter your UPI PIN to receive https://secure-bank-verify.com,scam
HDFC security team: verify your account within 30 minutes to avoid permanent block https://instant-loan-approve.com,scam
Rs 100000 sent to abhijeet via UPI. Transaction ID 916553446,safe
Your OTP for login is 486737. Do not share this with anyone.,safe
Rs 500 sent to abhijeet via UPI. Transaction ID 315577750,safe
Your package has been delivered. Thank you for shopping with us,safe
Your SIM card will be deactivated today due to KYC mismatch. Update now https://kyc-update-now.info,scam
Rs 2500 credited to your account from salary. Available balance Rs 9999,safe
Rs 2000 has been debited from your account for Swiggy order. Available balance Rs 5000,safe
Your OTP for login is 839421. Do not share this with anyone.,safe
Get Rs 1500 cashback instantly. Just click and enter your UPI PIN to receive https://cashback-claim.tk,scam
Your food delivery partner Priya has picked up your order,safe
Your Netflix subscription has been renewed for Rs 50000,safe
Rs 10000 credited to your account from salary. Available balance Rs 500,safe
Your food delivery partner Kavita has picked up your order,safe
Congratulations! You have won Rs 2500 in SBI lucky draw. Click here to claim https://verify-account.xyz,scam
Rs 2000 has been debited from your account for Swiggy order. Available balance Rs 2500,safe
Rs 2500 credited to your account from salary. Available balance Rs 5000,safe
Loan approved instantly! No documents required. Click here to get Rs 9999 in your account https://account-block-alert.xyz,scam
Rs 1500 has been debited from your account for Swiggy order. Available balance Rs 500,safe
Your food delivery partner Amit has picked up your order,safe
Hurry! Only 2 hours left to claim your Rs 1500 cashback reward https://cashback-claim.tk,scam
Your mobile number won a lottery of Rs 5000. Send your bank details to claim now,scam
Your food delivery partner Neha has picked up your order,safe
"Kavita, your HDFC account balance is Rs 2500 as of today",safe
"Amit, your SBI account balance is Rs 25000 as of today",safe
Suresh has sent you a payment request of Rs 100000 on BOB. Approve now https://instant-loan-approve.com,scam
Income tax refund of Rs 9999 approved. Click to claim before deadline https://prize-winner-claim.info,scam
Your PNB account will be blocked in 24 hours. Update PAN card details immediately https://instant-loan-approve.com,scam
Your mobile number won a lottery of Rs 2000. Send your bank details to claim now,scam
Your electricity bill of Rs 500 is pending. Pay now to avoid disconnection https://prize-winner-claim.info,scam
Your SIM card will be deactivated today due to KYC mismatch. Update now https://tinyurl.com/claim-now,scam
Rs 2000 sent to Amit via UPI. Transaction ID 728468793,safe
Your credit card limit has been increased to Rs 25000. Click to activate now https://prize-winner-claim.info,scam
Job offer! Earn Rs 10000 daily working from home. Register now and pay registration fee https://prize-winner-claim.info,scam
Your flight PNR G441B5 is confirmed for tomorrow 6am departure,safe
URGENT: Your BOB account has been suspended. Verify your UPI PIN now to reactivate https://kyc-update-now.info,scam
"Work from home and earn Rs 1500 per week guaranteed, limited seats, register now https://instant-loan-approve.com",scam
Your credit card limit has been increased to Rs 500. Click to activate now https://refund-claim.tk,scam
Your recharge of Rs 25000 was successful. Validity till next month,safe
Your SIM card will be deactivated today due to KYC mismatch. Update now https://secure-bank-verify.com,scam
Rs 2000 sent to abhijeet via UPI. Transaction ID 486692169,safe
You have an unclaimed parcel. Pay Rs 500 customs fee to release it https://kyc-update-now.info,scam
Rs 100000 sent to Rohan via UPI. Transaction ID 732287160,safe
"Vikram, your PNB account balance is Rs 2000 as of today",safe
You have received Rs 5000 refund from Axis Bank. Click link to collect https://kyc-update-now.info,scam
Loan approved instantly! No documents required. Click here to get Rs 15000 in your account https://bit.ly/kyc-update,scam
Hurry! Only 2 hours left to claim your Rs 2000 cashback reward https://cashback-claim.tk,scam
Your Google Pay net banking has been locked due to suspicious activity. Unlock here https://secure-bank-verify.com,scam
Congratulations you are selected for lucky winner prize of Rs 10000. Claim now https://tinyurl.com/claim-now,scam
You are eligible for a government subsidy of Rs 25000. Claim before it expires https://secure-bank-verify.com,scam
You have received Rs 15000 refund from PNB. Click link to collect https://cashback-claim.tk,scam
Income tax refund of Rs 500 approved. Click to claim before deadline https://instant-loan-approve.com,scam
"Arpit, your SBI account balance is Rs 10000 as of today",safe
You have an unclaimed parcel. Pay Rs 100000 customs fee to release it https://account-block-alert.xyz,scam
Rs 50000 has been debited from your account for Swiggy order. Available balance Rs 1500,safe
Suresh has sent you a payment request of Rs 500 on SBI. Approve now https://bit.ly/kyc-update,scam
"Dear user, someone tried to login to your Kotak account. Click to secure your account immediately https://cashback-claim.tk",scam
Free recharge of Rs 2000 waiting for you. Click to claim before offer expires https://tinyurl.com/claim-now,scam
Your rent payment of Rs 500 has been received by your landlord,safe
Free recharge of Rs 9999 waiting for you. Click to claim before offer expires https://refund-claim.tk,scam
You have received Rs 2000 refund from HDFC. Click link to collect https://instant-loan-approve.com,scam
